<?xml version="1.0" encoding="utf-8" ?>
<Defs>
<!--=============== Advanced Mortar Turret ===============-->
  
<!-- ================ Mortars ==================-->

  <ThingDef Name="Ad_BaseArtilleryBuilding" ParentName="BuildingBase" Abstract="True">
    <thingClass>Building_TurretGun</thingClass>
    <graphicData>
      <texPath>Things/Building/Security/TurretMortar_Base</texPath>
      <graphicClass>Graphic_Single</graphicClass>
      <drawSize>(4,4)</drawSize>
      <damageData>
        <rect>(0.38,0.2,0.56375,0.8)</rect>
        <cornerTL>Damage/Corner</cornerTL>
      </damageData>
      <shadowData>
	      <offset>(-0.13,-0.87,-0.1)</offset>
        <volume>(0.5,0.4,1.05)</volume>
      </shadowData>
    </graphicData>
    <minifiedDef>MinifiedThing</minifiedDef>
    <altitudeLayer>Building</altitudeLayer>
    <hasInteractionCell>True</hasInteractionCell>
    <interactionCellOffset>(0,0,-1)</interactionCellOffset>
    <stealable>false</stealable>
    <size>(2,2)</size>
    <passability>PassThroughOnly</passability>
    <pathCost>50</pathCost>
    <fillPercent>0.4</fillPercent>
    <thingCategories>
      <li>BuildingsSecurity</li>
    </thingCategories>
    <stuffCategories>
      <li>Metallic</li>
    </stuffCategories>
    <tickerType>Normal</tickerType>
    <terrainAffordanceNeeded>Light</terrainAffordanceNeeded>
    <designationCategory>Security</designationCategory>
		<costStuffCount>60</costStuffCount>
    <constructionSkillPrerequisite>6</constructionSkillPrerequisite>
    <costList>
			<Steel>120</Steel>
			<ComponentIndustrial>5</ComponentIndustrial>
		</costList>
    <inspectorTabs>
      <li>ITab_Shells</li>
    </inspectorTabs>
    <comps>
      <li Class="CompProperties_Forbiddable"/>
      <li Class="CompProperties_Mannable">
        <manWorkType>Violent</manWorkType>
      </li>
    </comps>
    <statBases>
      <MaxHitPoints>210</MaxHitPoints>
      <Flammability>0.7</Flammability>
      <WorkToBuild>2300</WorkToBuild>
      <Mass>36</Mass>
      <Beauty>-20</Beauty>
    </statBases>
    <building>
      <turretBurstWarmupTime>4.0</turretBurstWarmupTime>
			<turretBurstCooldownTime>28.0</turretBurstCooldownTime>
			<buildingTags>
				<li>Artillery</li>
			</buildingTags>
		</building>
    <placeWorkers>
      <li>PlaceWorker_NotUnderRoof</li>
      <li>PlaceWorker_TurretTop</li>
    </placeWorkers>
    <researchPrerequisites>
      <li>Ad_Mortars</li>
    </researchPrerequisites>
    <uiIconScale>1.1</uiIconScale>
  </ThingDef>




<ThingDef Name="Ad_BaseArtilleryWeapon" Abstract="True">
    <category>Item</category>
    <thingClass>ThingWithComps</thingClass>
    <label>artillery error</label>
    <useHitPoints>false</useHitPoints>
    <equipmentType>Primary</equipmentType>
    <tickerType>Never</tickerType>
    <techLevel>Industrial</techLevel>
    <destroyOnDrop>True</destroyOnDrop>
    <menuHidden>True</menuHidden>
    <tradeability>None</tradeability>
    <weaponTags>
      <li>Artillery</li>
    </weaponTags>
    <comps>
      <li>
        <compClass>CompEquippable</compClass>
      </li>
      <li Class="CompProperties_ChangeableProjectile" />
    </comps>
    <building>
      <fixedStorageSettings>
        <filter>
          <categories>
            <li>MortarShells</li>
          </categories>
        </filter>
      </fixedStorageSettings>
      <defaultStorageSettings>
        <filter>
          <categories>
            <li>MortarShells</li>
          </categories>
          <disallowedThingDefs>
            <li>Shell_Firefoam</li>
            <li>Shell_AntigrainWarhead</li>
          </disallowedThingDefs>
        </filter>
      </defaultStorageSettings>
    </building>
  </ThingDef>



  <!--=============== Advanced Mortar turret ===============-->

  <ThingDef ParentName="Ad_BaseArtilleryBuilding">
    <defName>Ad_Turret_Mortar</defName>
    <label>advanced mortar</label>
    <description>A manned mortar that launches all kinds of shells with good accuracy.</description>
    <comps>
      <li Class="CompProperties_Explosive">
        <explosiveRadius>4.9</explosiveRadius>
        <explosiveDamageType>Bomb</explosiveDamageType>
      </li>
    </comps>
    <designationHotKey>Misc4</designationHotKey>
    <terrainAffordanceNeeded>Heavy</terrainAffordanceNeeded>
    <building>
      <turretGunDef>Ad_Artillery_Mortar</turretGunDef>
      <turretTopGraphicPath>Things/Building/Turret/A_TurretMortar_Top</turretTopGraphicPath>
      <buildingTags>
        <li>Artillery_BaseDestroyer</li>
      </buildingTags>
    </building>
	<uiIconPath>Things/Building/Turret/A_TurretMortar_MenuIcon</uiIconPath>
	<uiIconScale>0.9</uiIconScale>
  </ThingDef>
  

  <ThingDef ParentName="Ad_BaseArtilleryWeapon">
    <defName>Ad_Artillery_Mortar</defName>
    <label>advanced mortar</label>
    <description>Mortar launcher. Lobs bombs over walls. Accurate and long-ranged.</description>
    <weaponTags>
      <li>Artillery_BaseDestroyer</li>
    </weaponTags>
    <verbs>
      <li>
        <verbClass>Verb_Shoot</verbClass>
        <forceNormalTimeSpeed>false</forceNormalTimeSpeed>
        <hasStandardCommand>true</hasStandardCommand>
        <warmupTime>4.0</warmupTime>
        <forcedMissRadius>6</forcedMissRadius>
        <requireLineOfSight>false</requireLineOfSight>
        <minRange>29.9</minRange>
        <range>500</range>
        <burstShotCount>3</burstShotCount>
        <soundCast>Mortar_LaunchA</soundCast>
        <muzzleFlashScale>16</muzzleFlashScale>
        <targetParams>
          <canTargetLocations>true</canTargetLocations>
        </targetParams>
      </li>
    </verbs>
  </ThingDef>



</Defs>